"","id","Rater1_Score"
"1",2383,4
"2",2384,1
"3",2385,2
"4",2386,2
"5",2387,1
"6",2388,1
"7",2389,1
"8",2390,2
"9",2391,1
"10",2392,2
"11",2393,2
"12",2394,4
"13",2395,2
"14",2396,1
"15",2397,2
"16",2398,1
"17",2399,2
"18",2400,1
"19",2401,4
"20",2402,2
"21",2403,2
"22",2404,4
"23",2405,1
"24",2406,4
"25",2407,4
"26",2408,2
"27",2409,2
"28",2410,4
"29",2411,2
"30",2412,1
"31",2413,4
"32",2414,2
"33",2415,1
"34",2416,4
"35",2417,4
"36",2418,2
"37",2419,2
"38",2420,1
"39",2421,2
"40",2422,4
"41",2423,4
"42",2424,2
"43",2425,4
"44",2426,4
"45",2427,2
"46",2428,4
"47",2429,2
"48",2430,4
"49",2431,1
"50",2432,4
"51",2433,4
"52",2434,2
"53",2435,4
"54",2436,2
"55",2437,2
"56",2438,2
"57",2439,2
"58",2440,4
"59",2441,4
"60",2442,2
"61",2443,2
"62",2444,2
"63",2445,1
"64",2446,4
"65",2447,2
"66",2448,4
"67",2449,1
"68",2450,2
"69",2451,2
"70",2452,2
"71",2453,2
"72",2454,1
"73",2455,1
"74",2456,4
"75",2457,1
"76",2458,4
"77",2459,2
"78",2460,4
"79",2461,4
"80",2462,4
"81",2463,4
"82",2464,4
"83",2465,4
"84",2466,1
"85",2467,1
"86",2468,2
"87",2469,2
"88",2470,4
"89",2471,4
"90",2472,4
"91",2473,1
"92",2474,4
"93",2475,2
"94",2476,4
"95",2477,2
"96",2478,1
"97",2479,1
"98",2480,2
"99",2481,1
"100",2482,4
"101",2483,4
"102",2484,1
"103",2485,1
"104",2486,1
"105",2487,1
"106",2488,2
"107",2489,1
"108",2490,2
"109",2491,4
"110",2492,4
"111",2493,1
"112",2494,4
"113",2495,2
"114",2496,4
"115",2497,2
"116",2498,1
"117",2499,4
"118",2500,1
"119",2501,1
"120",2502,2
"121",2503,2
"122",2504,1
"123",2505,2
"124",2506,1
"125",2507,4
"126",2508,2
"127",2509,4
"128",2510,1
"129",2511,1
"130",2512,2
"131",2513,2
"132",2514,1
"133",2515,1
"134",2516,1
"135",2517,1
"136",2518,1
"137",2519,4
"138",2520,1
"139",2521,1
"140",2522,2
"141",2523,2
"142",2524,2
"143",2525,4
"144",2526,2
"145",2527,4
"146",2528,2
"147",2529,1
"148",2530,1
"149",2531,1
"150",2532,4
"151",2533,2
"152",2534,4
"153",2535,2
"154",2536,2
"155",2537,1
"156",2538,4
"157",2539,1
"158",2540,2
"159",2541,4
"160",2542,4
"161",2543,4
"162",2544,4
"163",2545,1
"164",2546,2
"165",2547,2
"166",2548,4
"167",2549,4
"168",2550,2
"169",2551,1
"170",2552,2
"171",2553,4
"172",2554,1
"173",2555,4
"174",2556,4
"175",2557,1
"176",2558,4
"177",2559,4
"178",2560,2
"179",2561,1
"180",2562,4
"181",2563,1
"182",2564,1
"183",2565,2
"184",2566,4
"185",2567,2
"186",2568,4
"187",2569,2
"188",2570,2
"189",2571,1
"190",2572,4
"191",2573,1
"192",2574,1
"193",2575,4
"194",2576,1
"195",2577,4
"196",2578,2
"197",2579,4
"198",2580,2
"199",2581,1
"200",2582,1
"201",2583,4
"202",2584,4
"203",2585,4
"204",2586,2
"205",2587,4
"206",2588,4
"207",2589,1
"208",2590,1
"209",2591,4
"210",2592,2
"211",2593,4
"212",2594,2
"213",2595,1
"214",2596,4
"215",2597,2
"216",2598,1
"217",2599,4
"218",2600,2
"219",2601,4
"220",2602,4
"221",2603,2
"222",2604,1
"223",2605,2
"224",2606,4
"225",2607,1
"226",2608,4
"227",2609,1
"228",2610,2
"229",2611,4
"230",2612,1
"231",2613,1
"232",2614,1
"233",2615,4
"234",2616,4
"235",2617,2
"236",2618,1
"237",2619,2
"238",2620,2
"239",2621,2
"240",2622,2
"241",2623,1
"242",2624,4
"243",2625,2
"244",2626,4
"245",2627,1
"246",2628,4
"247",2629,4
"248",2630,2
"249",2631,4
"250",2632,2
"251",2633,2
"252",2634,4
"253",2635,4
"254",2636,4
"255",2637,4
"256",2638,1
"257",2639,2
"258",2640,4
"259",2641,2
"260",2642,1
"261",2643,4
"262",2644,2
"263",2645,1
"264",2646,1
"265",2647,4
"266",2648,2
"267",2649,2
"268",2650,2
"269",2651,2
"270",2652,4
"271",2653,1
"272",2654,1
"273",2655,4
"274",2656,2
"275",2657,1
"276",2658,1
"277",2659,1
"278",2660,2
"279",2661,4
"280",2662,2
"281",2663,4
"282",2664,1
"283",2665,1
"284",2666,2
"285",2667,4
"286",2668,4
"287",2669,4
"288",2670,2
"289",2671,2
"290",2672,2
"291",2673,4
"292",2674,4
"293",2675,4
"294",2676,1
"295",2677,4
"296",2678,2
"297",2679,4
"298",2680,2
"299",2681,4
"300",2682,2
"301",2683,1
"302",2684,4
"303",2685,4
"304",2686,4
"305",2687,4
"306",2688,1
"307",2689,4
"308",2690,4
"309",2691,2
"310",2692,4
"311",2693,4
"312",2694,4
"313",2695,1
"314",2696,1
"315",2697,4
"316",2698,2
"317",2699,2
"318",2700,4
"319",2701,4
"320",2702,2
"321",2703,4
"322",2704,1
"323",2705,2
"324",2706,2
"325",2707,4
"326",2708,1
"327",2709,4
"328",2710,4
"329",2711,4
"330",2712,1
"331",2713,1
"332",2714,2
"333",2715,2
"334",2716,2
"335",2717,2
"336",2718,2
"337",2719,4
"338",2720,4
"339",2721,4
"340",2722,2
"341",2723,4
"342",2724,4
"343",2725,4
"344",2726,4
"345",2727,4
"346",2728,2
"347",2729,1
"348",2730,4
"349",2731,1
"350",2732,1
"351",2733,4
"352",2734,1
"353",2735,2
"354",2736,4
"355",2737,4
"356",2738,4
"357",2739,2
"358",2740,4
"359",2741,4
"360",2742,4
"361",2743,4
"362",2744,1
"363",2745,4
"364",2747,1
"365",2748,1
"366",2749,1
"367",2750,4
"368",2751,1
"369",2752,4
"370",2753,1
"371",2754,4
"372",2755,4
"373",2756,4
"374",2757,2
"375",2758,4
"376",2759,4
"377",2760,4
"378",2761,4
"379",2762,4
"380",2763,4
"381",2764,1
"382",2765,4
"383",2766,4
"384",2767,2
"385",2768,4
"386",2769,4
"387",2770,4
"388",2771,4
"389",2772,4
"390",2773,4
"391",2774,4
"392",2775,4
"393",2776,4
"394",2777,4
"395",2778,4
"396",2779,4
"397",2780,4
"398",2781,4
"399",2782,4
"400",2783,4
"401",2784,4
"402",2785,4
"403",2786,2
"404",2787,1
"405",2788,4
"406",2789,4
"407",2790,2
"408",2791,4
"409",2792,4
"410",2793,4
"411",2794,4
"412",2795,4
"413",2796,4
"414",2797,4
"415",2798,4
"416",2799,4
"417",2800,4
"418",2801,4
"419",2802,4
"420",2803,4
"421",2804,4
"422",2805,1
"423",2806,1
"424",2807,4
"425",2808,1
"426",2809,4
"427",2810,4
"428",2811,4
"429",2812,4
"430",2813,4
"431",2814,4
"432",2815,4
"433",2816,4
"434",2817,4
"435",2818,4
"436",2819,4
"437",2820,2
"438",2821,4
"439",2822,4
"440",2823,4
"441",2824,4
"442",2825,4
"443",2826,4
"444",2827,2
"445",2828,4
"446",2829,4
"447",2830,4
"448",2831,4
"449",2832,4
"450",2833,4
"451",2834,4
"452",2835,4
"453",2836,4
"454",2837,4
"455",2838,4
"456",2839,4
"457",2840,4
"458",2841,4
"459",2842,4
"460",2843,4
"461",2844,4
"462",2845,4
"463",2846,4
"464",2847,4
"465",2848,4
"466",2849,4
"467",2850,4
"468",2851,4
"469",2852,4
"470",2853,4
"471",2854,4
"472",2855,4
"473",2856,4
"474",2857,4
"475",2858,4
"476",2859,4
"477",2860,4
"478",2861,4
"479",2862,4
"480",2863,4
"481",2864,4
"482",2865,4
"483",2866,4
"484",2867,4
"485",2868,4
"486",2869,4
"487",2870,4
"488",2871,4
"489",2872,4
"490",2873,4
"491",2874,4
"492",2875,4
"493",2876,4
"494",2877,4
"495",2878,4
"496",2879,4
"497",2880,4
"498",2881,2
"499",2882,2
"500",2883,4
"501",2884,4
"502",2885,4
"503",2886,4
"504",2887,4
"505",2888,4
"506",2889,4
"507",2890,4
"508",2891,4
"509",2892,4
"510",2893,4
"511",2894,4
"512",2895,4
"513",2896,4
"514",2897,4
"515",2898,4
"516",2899,4
"517",2900,4
"518",2901,4
"519",2902,4
"520",2903,4
"521",2904,4
"522",2905,4
"523",2906,4
"524",2907,4
"525",2908,4
"526",2909,4
"527",2910,4
"528",2911,4
"529",2912,4
"530",2913,4
"531",2914,4
"532",2915,4
"533",2916,4
"534",2917,4
"535",2918,4
"536",2919,4
"537",2920,1
"538",2921,4
"539",2922,4
"540",2923,4
"541",2924,4
"542",2925,4
"543",2926,4
"544",2927,4
"545",2928,4
"546",2929,4
"547",2930,4
"548",2931,4
"549",2932,4
"550",2933,4
"551",2934,4
"552",2935,4
"553",2936,4
"554",2937,4
"555",2938,4
"556",2939,4
"557",2940,4
"558",2941,4
"559",2942,4
"560",2943,4
"561",2944,4
"562",2945,4
"563",2946,4
"564",2947,4
"565",2948,4
"566",2949,4
"567",2950,4
"568",2951,1
"569",2952,4
"570",2953,4
"571",2954,4
"572",2955,4
"573",2956,4
"574",2957,4
"575",2958,4
"576",2959,4
"577",2960,4
"578",2961,4
"579",2962,4
"580",2963,4
"581",2964,4
"582",2965,4
"583",2966,1
"584",2967,2
"585",2968,4
"586",2969,1
"587",2970,2
"588",2971,4
"589",2972,4
"590",2973,4
"591",2974,4
"592",2975,4
"593",2976,4
"594",2977,3
"595",5378,3
"596",5379,1
"597",5380,1
"598",5381,1
"599",5382,1
"600",5383,1
"601",5384,1
"602",5385,1
"603",5386,1
"604",5387,1
"605",5388,1
"606",5389,1
"607",5390,1
"608",5391,1
"609",5392,1
"610",5393,1
"611",5394,1
"612",5395,1
"613",5396,1
"614",5397,1
"615",5398,1
"616",5399,1
"617",5400,1
"618",5401,1
"619",5402,1
"620",5403,1
"621",5404,1
"622",5405,1
"623",5406,1
"624",5407,1
"625",5408,1
"626",5409,1
"627",5410,1
"628",5411,1
"629",5412,1
"630",5413,1
"631",5414,1
"632",5415,1
"633",5416,1
"634",5417,1
"635",5418,1
"636",5419,1
"637",5420,1
"638",5421,1
"639",5422,1
"640",5423,1
"641",5424,1
"642",5425,1
"643",5426,1
"644",5427,1
"645",5428,1
"646",5429,1
"647",5430,1
"648",5431,1
"649",5432,1
"650",5433,1
"651",5434,1
"652",5435,1
"653",5436,1
"654",5437,1
"655",5438,1
"656",5439,1
"657",5440,1
"658",5441,1
"659",5442,1
"660",5443,1
"661",5444,1
"662",5445,1
"663",5446,1
"664",5447,1
"665",5448,1
"666",5449,1
"667",5450,1
"668",5451,1
"669",5452,1
"670",5453,1
"671",5454,1
"672",5455,1
"673",5456,1
"674",5457,1
"675",5458,1
"676",5459,1
"677",5460,1
"678",5461,1
"679",5462,1
"680",5463,1
"681",5464,1
"682",5465,1
"683",5466,1
"684",5467,1
"685",5468,1
"686",5469,1
"687",5470,1
"688",5471,1
"689",5472,1
"690",5473,1
"691",5474,1
"692",5475,1
"693",5476,1
"694",5477,1
"695",5478,1
"696",5479,1
"697",5480,1
"698",5481,1
"699",5482,1
"700",5483,1
"701",5484,1
"702",5485,1
"703",5486,1
"704",5487,1
"705",5488,1
"706",5489,1
"707",5490,1
"708",5491,1
"709",5492,1
"710",5493,1
"711",5494,1
"712",5495,1
"713",5496,1
"714",5497,1
"715",5498,1
"716",5499,1
"717",5500,1
"718",5501,1
"719",5502,1
"720",5503,1
"721",5504,1
"722",5505,1
"723",5506,1
"724",5507,1
"725",5508,1
"726",5509,1
"727",5510,1
"728",5511,1
"729",5512,1
"730",5513,1
"731",5514,1
"732",5515,1
"733",5516,1
"734",5517,1
"735",5518,1
"736",5519,1
"737",5520,1
"738",5521,1
"739",5522,1
"740",5523,1
"741",5524,1
"742",5525,1
"743",5526,1
"744",5527,1
"745",5528,1
"746",5529,1
"747",5530,1
"748",5531,1
"749",5532,1
"750",5533,1
"751",5534,1
"752",5535,1
"753",5536,1
"754",5537,1
"755",5538,1
"756",5539,1
"757",5540,1
"758",5541,1
"759",5542,1
"760",5543,1
"761",5544,1
"762",5545,1
"763",5546,1
"764",5547,1
"765",5548,1
"766",5549,1
"767",5550,1
"768",5551,1
"769",5552,1
"770",5553,1
"771",5554,1
"772",5555,1
"773",5556,1
"774",5557,1
"775",5558,1
"776",5559,1
"777",5560,1
"778",5561,1
"779",5562,1
"780",5563,1
"781",5564,1
"782",5565,1
"783",5566,1
"784",5567,1
"785",5568,1
"786",5569,1
"787",5570,1
"788",5571,1
"789",5572,1
"790",5573,1
"791",5574,1
"792",5575,1
"793",5576,1
"794",5577,1
"795",5578,1
"796",5579,1
"797",5580,1
"798",5581,1
"799",5582,1
"800",5583,1
"801",5584,1
"802",5585,1
"803",5586,1
"804",5587,1
"805",5588,1
"806",5589,1
"807",5590,1
"808",5591,1
"809",5592,1
"810",5593,1
"811",5594,1
"812",5595,1
"813",5596,1
"814",5597,1
"815",5598,1
"816",5599,1
"817",5600,1
"818",5601,1
"819",5602,1
"820",5603,1
"821",5604,1
"822",5605,1
"823",5606,1
"824",5607,1
"825",5608,1
"826",5609,1
"827",5610,1
"828",5611,1
"829",5612,1
"830",5613,1
"831",5614,1
"832",5615,1
"833",5616,1
"834",5617,1
"835",5618,1
"836",5619,1
"837",5620,1
"838",5621,1
"839",5622,1
"840",5623,1
"841",5624,1
"842",5625,1
"843",5626,1
"844",5627,1
"845",5628,1
"846",5629,1
"847",5630,1
"848",5631,1
"849",5632,1
"850",5633,1
"851",5634,1
"852",5635,1
"853",5636,1
"854",5637,1
"855",5638,1
"856",5639,1
"857",5640,1
"858",5641,1
"859",5642,1
"860",5643,1
"861",5644,1
"862",5645,1
"863",5646,1
"864",5647,1
"865",5648,1
"866",5649,1
"867",5650,1
"868",5651,1
"869",5652,1
"870",5653,1
"871",5654,1
"872",5655,1
"873",5656,1
"874",5657,1
"875",5658,1
"876",5659,1
"877",5660,1
"878",5661,1
"879",5662,1
"880",5663,1
"881",5664,1
"882",5665,1
"883",5666,1
"884",5667,1
"885",5668,1
"886",5669,1
"887",5670,1
"888",5671,1
"889",5672,1
"890",5673,1
"891",5674,1
"892",5675,1
"893",5676,1
"894",5677,1
"895",5678,1
"896",5679,1
"897",5680,1
"898",5681,1
"899",5682,1
"900",5683,1
"901",5684,1
"902",5685,1
"903",5686,1
"904",5687,1
"905",5688,1
"906",5689,1
"907",5690,1
"908",5691,1
"909",5692,1
"910",5693,1
"911",5694,1
"912",5695,1
"913",5696,1
"914",5697,1
"915",5698,1
"916",5699,1
"917",5700,1
"918",5701,1
"919",5702,1
"920",5703,1
"921",5704,1
"922",5705,1
"923",5706,1
"924",5707,1
"925",5708,1
"926",5709,1
"927",5710,1
"928",5711,1
"929",5712,1
"930",5713,1
"931",5714,1
"932",5715,1
"933",5716,1
"934",5717,1
"935",5718,1
"936",5719,1
"937",5720,1
"938",5721,1
"939",5722,1
"940",5723,1
"941",5724,1
"942",5725,1
"943",5726,1
"944",5727,1
"945",5728,1
"946",5729,1
"947",5730,1
"948",5731,1
"949",5732,1
"950",5733,1
"951",5734,1
"952",5735,1
"953",5736,1
"954",5737,1
"955",5738,1
"956",5739,1
"957",5740,1
"958",5741,1
"959",5742,1
"960",5743,1
"961",5744,1
"962",5745,1
"963",5746,1
"964",5747,1
"965",5748,1
"966",5749,1
"967",5750,1
"968",5751,1
"969",5752,1
"970",5753,1
"971",5754,1
"972",5755,1
"973",5756,1
"974",5757,1
"975",5758,1
"976",5759,1
"977",5760,1
"978",5761,1
"979",5762,1
"980",5763,1
"981",5764,1
"982",5765,1
"983",5766,1
"984",5767,1
"985",5768,1
"986",5769,1
"987",5770,1
"988",5771,1
"989",5772,1
"990",5773,1
"991",5774,1
"992",5775,1
"993",5776,1
"994",5777,1
"995",5778,1
"996",5779,1
"997",5780,1
"998",5781,1
"999",5782,1
"1000",5783,1
"1001",5784,1
"1002",5785,1
"1003",5786,1
"1004",5787,1
"1005",5788,1
"1006",5789,1
"1007",5790,1
"1008",5791,1
"1009",5792,1
"1010",5793,1
"1011",5794,1
"1012",5795,1
"1013",5796,1
"1014",5797,1
"1015",5798,1
"1016",5799,1
"1017",5800,1
"1018",5801,1
"1019",5802,1
"1020",5803,1
"1021",5804,1
"1022",5805,1
"1023",5806,1
"1024",5807,1
"1025",5808,1
"1026",5809,1
"1027",5810,1
"1028",5811,1
"1029",5812,1
"1030",5813,1
"1031",5814,1
"1032",5815,1
"1033",5816,1
"1034",5817,1
"1035",5818,1
"1036",5819,1
"1037",5820,1
"1038",5821,1
"1039",5822,1
"1040",5823,1
"1041",5824,1
"1042",5825,1
"1043",5826,1
"1044",5827,1
"1045",5828,1
"1046",5829,1
"1047",5830,1
"1048",5831,1
"1049",5832,1
"1050",5833,1
"1051",5834,1
"1052",5835,1
"1053",5836,1
"1054",5837,1
"1055",5838,1
"1056",5839,1
"1057",5840,1
"1058",5841,1
"1059",5842,1
"1060",5843,1
"1061",5844,1
"1062",5845,1
"1063",5846,1
"1064",5847,1
"1065",5848,1
"1066",5849,1
"1067",5850,1
"1068",5851,1
"1069",5852,1
"1070",5853,1
"1071",5854,1
"1072",5855,1
"1073",5856,1
"1074",5857,1
"1075",5858,1
"1076",5859,1
"1077",5860,1
"1078",5861,1
"1079",5862,1
"1080",5863,1
"1081",5864,1
"1082",5865,1
"1083",5866,1
"1084",5867,1
"1085",5868,1
"1086",5869,1
"1087",5870,1
"1088",5871,1
"1089",5872,1
"1090",5873,1
"1091",5874,1
"1092",5875,1
"1093",5876,1
"1094",5877,1
"1095",5878,1
"1096",5879,1
"1097",5880,1
"1098",5881,1
"1099",5882,1
"1100",5883,1
"1101",5884,1
"1102",5885,1
"1103",5886,1
"1104",5887,1
"1105",5888,1
"1106",5889,1
"1107",5890,1
"1108",5891,1
"1109",5892,1
"1110",5893,1
"1111",5894,1
"1112",5895,1
"1113",5896,1
"1114",5897,1
"1115",5898,1
"1116",5899,1
"1117",5900,1
"1118",5901,1
"1119",5902,1
"1120",5903,1
"1121",5904,1
"1122",5905,1
"1123",5906,1
"1124",5907,1
"1125",5908,1
"1126",5909,1
"1127",5910,1
"1128",5911,1
"1129",5912,1
"1130",5913,1
"1131",5914,1
"1132",5915,1
"1133",5916,1
"1134",5917,1
"1135",5918,1
"1136",5919,1
"1137",5920,1
"1138",5921,1
"1139",5922,1
"1140",5923,1
"1141",5924,1
"1142",5925,1
"1143",5926,1
"1144",5927,1
"1145",5928,1
"1146",5929,1
"1147",5930,1
"1148",5931,1
"1149",5932,1
"1150",5933,1
"1151",5934,1
"1152",5935,1
"1153",5936,1
"1154",5937,1
"1155",5938,1
"1156",5939,1
"1157",5940,1
"1158",5941,1
"1159",5942,1
"1160",5943,1
"1161",5944,1
"1162",5945,1
"1163",5946,1
"1164",5947,1
"1165",5948,1
"1166",5949,1
"1167",5950,1
"1168",5951,1
"1169",5952,1
"1170",5953,1
"1171",5954,1
"1172",5955,1
"1173",5956,1
"1174",5957,1
"1175",5958,1
"1176",5959,1
"1177",5960,1
"1178",5961,1
"1179",5962,1
"1180",5963,1
"1181",5964,1
"1182",5965,1
"1183",5966,1
"1184",5967,1
"1185",5968,1
"1186",5969,1
"1187",5970,1
"1188",5971,1
"1189",5972,1
"1190",5973,1
"1191",5974,1
"1192",5975,1
"1193",5976,1
"1194",5977,1
"1195",8286,0
"1196",8287,0
"1197",8288,0
"1198",8289,0
"1199",8290,0
"1200",8291,0
"1201",8292,0
"1202",8293,0
"1203",8294,0
"1204",8295,0
"1205",8296,0
"1206",8297,0
"1207",8298,0
"1208",8299,0
"1209",8300,0
"1210",8301,0
"1211",8302,0
"1212",8303,0
"1213",8304,0
"1214",8305,0
"1215",8306,0
"1216",8307,0
"1217",8308,0
"1218",8309,0
"1219",8310,0
"1220",8311,0
"1221",8312,0
"1222",8313,0
"1223",8314,0
"1224",8315,0
"1225",8316,0
"1226",8317,0
"1227",8318,0
"1228",8319,0
"1229",8320,0
"1230",8321,0
"1231",8322,0
"1232",8323,0
"1233",8324,0
"1234",8325,0
"1235",8326,0
"1236",8327,0
"1237",8328,0
"1238",8329,0
"1239",8330,0
"1240",8331,0
"1241",8332,0
"1242",8333,0
"1243",8334,0
"1244",8335,0
"1245",8336,0
"1246",8337,0
"1247",8338,0
"1248",8339,0
"1249",8340,0
"1250",8341,0
"1251",8342,0
"1252",8343,0
"1253",8344,0
"1254",8345,0
"1255",8347,0
"1256",8348,0
"1257",8349,0
"1258",8350,0
"1259",8351,0
"1260",8352,0
"1261",8353,0
"1262",8354,0
"1263",8355,0
"1264",8356,0
"1265",8357,0
"1266",8358,0
"1267",8359,0
"1268",8360,0
"1269",8361,0
"1270",8362,0
"1271",8363,0
"1272",8364,0
"1273",8365,0
"1274",8366,0
"1275",8367,0
"1276",8368,0
"1277",8369,0
"1278",8370,0
"1279",8371,0
"1280",8372,0
"1281",8373,0
"1282",8374,0
"1283",8375,0
"1284",8376,0
"1285",8377,0
"1286",8378,0
"1287",8379,0
"1288",8381,0
"1289",8382,0
"1290",8383,0
"1291",8384,0
"1292",8385,0
"1293",8386,0
"1294",8387,0
"1295",8388,0
"1296",8389,0
"1297",8390,0
"1298",8391,0
"1299",8392,0
"1300",8393,0
"1301",8394,0
"1302",8395,0
"1303",8396,0
"1304",8397,0
"1305",8398,0
"1306",8399,0
"1307",8400,0
"1308",8401,0
"1309",8402,0
"1310",8403,0
"1311",8404,0
"1312",8405,0
"1313",8406,0
"1314",8407,0
"1315",8408,0
"1316",8409,0
"1317",8410,0
"1318",8411,0
"1319",8412,0
"1320",8413,0
"1321",8414,0
"1322",8415,0
"1323",8416,0
"1324",8417,0
"1325",8418,0
"1326",8419,0
"1327",8420,0
"1328",8421,0
"1329",8422,0
"1330",8423,0
"1331",8424,0
"1332",8425,0
"1333",8426,0
"1334",8427,0
"1335",8428,0
"1336",8429,0
"1337",8430,0
"1338",8431,0
"1339",8432,0
"1340",8433,0
"1341",8435,0
"1342",8436,0
"1343",8437,0
"1344",8438,0
"1345",8439,0
"1346",8440,0
"1347",8441,0
"1348",8442,0
"1349",8443,0
"1350",8444,0
"1351",8445,0
"1352",8446,0
"1353",8447,0
"1354",8448,0
"1355",8449,0
"1356",8450,0
"1357",8451,0
"1358",8452,0
"1359",8453,0
"1360",8454,0
"1361",8455,0
"1362",8456,0
"1363",8457,0
"1364",8458,0
"1365",8459,0
"1366",8460,0
"1367",8461,0
"1368",8462,0
"1369",8463,0
"1370",8464,0
"1371",8465,0
"1372",8466,0
"1373",8467,0
"1374",8468,0
"1375",8469,0
"1376",8470,0
"1377",8471,0
"1378",8472,0
"1379",8473,0
"1380",8474,0
"1381",8475,0
"1382",8476,0
"1383",8477,0
"1384",8478,0
"1385",8479,0
"1386",8480,0
"1387",8481,0
"1388",8482,0
"1389",8483,0
"1390",8484,0
"1391",8485,0
"1392",8487,0
"1393",8488,0
"1394",8489,0
"1395",8490,0
"1396",8491,0
"1397",8492,0
"1398",8493,0
"1399",8494,0
"1400",8495,0
"1401",8496,0
"1402",8497,0
"1403",8498,0
"1404",8499,0
"1405",8500,0
"1406",8501,0
"1407",8502,0
"1408",8503,0
"1409",8504,0
"1410",8505,0
"1411",8506,0
"1412",8507,0
"1413",8508,0
"1414",8509,0
"1415",8510,0
"1416",8511,0
"1417",8512,0
"1418",8513,0
"1419",8514,0
"1420",8515,0
"1421",8516,0
"1422",8517,0
"1423",8518,0
"1424",8519,0
"1425",8520,0
"1426",8521,0
"1427",8522,0
"1428",8523,0
"1429",8524,0
"1430",8525,0
"1431",8526,0
"1432",8527,0
"1433",8528,0
"1434",8529,0
"1435",8530,0
"1436",8531,0
"1437",8532,0
"1438",8533,0
"1439",8534,0
"1440",8535,0
"1441",8536,0
"1442",8537,0
"1443",8538,0
"1444",8539,0
"1445",8540,0
"1446",8541,0
"1447",8542,0
"1448",8543,0
"1449",8544,0
"1450",8545,0
"1451",8546,0
"1452",8547,0
"1453",8548,0
"1454",8549,0
"1455",8550,0
"1456",8551,0
"1457",8552,0
"1458",8553,0
"1459",8554,0
"1460",8555,0
"1461",8556,0
"1462",8557,0
"1463",8558,0
"1464",8559,0
"1465",8560,0
"1466",8561,0
"1467",8562,0
"1468",8563,0
"1469",8564,0
"1470",8565,0
"1471",8566,0
"1472",8567,0
"1473",8568,0
"1474",8569,0
"1475",8570,0
"1476",8571,0
"1477",8572,0
"1478",8573,0
"1479",8574,0
"1480",8575,0
"1481",8576,0
"1482",8577,0
"1483",8578,0
"1484",8579,0
"1485",8580,0
"1486",8581,0
"1487",8582,0
"1488",8583,0
"1489",8584,0
"1490",8585,0
"1491",8586,0
"1492",8587,0
"1493",8588,0
"1494",8589,0
"1495",8590,0
"1496",8591,0
"1497",8592,0
"1498",8593,0
"1499",8594,0
"1500",8595,0
"1501",8596,0
"1502",8597,0
"1503",8598,0
"1504",8599,0
"1505",8600,0
"1506",8601,0
"1507",8604,0
"1508",8605,0
"1509",8606,0
"1510",8607,0
"1511",8609,0
"1512",8610,0
"1513",8611,0
"1514",8612,0
"1515",8613,0
"1516",8614,0
"1517",8615,0
"1518",8616,0
"1519",8617,0
"1520",8618,0
"1521",8619,0
"1522",8620,0
"1523",8621,0
"1524",8622,0
"1525",8623,0
"1526",8624,0
"1527",8625,0
"1528",8626,0
"1529",8627,0
"1530",8628,0
"1531",8629,0
"1532",8630,0
"1533",8631,0
"1534",8632,0
"1535",8633,0
"1536",8634,0
"1537",8635,0
"1538",8636,0
"1539",8637,0
"1540",8638,0
"1541",8639,0
"1542",8640,0
"1543",8641,0
"1544",8642,0
"1545",8643,0
"1546",8644,0
"1547",8645,0
"1548",8646,0
"1549",8647,0
"1550",8648,0
"1551",8649,0
"1552",8650,0
"1553",8651,0
"1554",8652,0
"1555",8653,0
"1556",8654,0
"1557",8655,0
"1558",8656,0
"1559",8657,0
"1560",8658,0
"1561",8659,0
"1562",8660,0
"1563",8661,0
"1564",8662,0
"1565",8663,0
"1566",8664,0
"1567",8665,0
"1568",8666,0
"1569",8667,0
"1570",8668,0
"1571",8669,0
"1572",8670,0
"1573",8671,0
"1574",8672,0
"1575",8673,0
"1576",8674,0
"1577",8675,0
"1578",8676,0
"1579",8677,0
"1580",8678,0
"1581",8679,0
"1582",8680,0
"1583",8681,0
"1584",8682,0
"1585",8683,0
"1586",8684,0
"1587",8685,0
"1588",8686,0
"1589",8687,0
"1590",8688,0
"1591",8689,0
"1592",8690,0
"1593",8691,0
"1594",8692,0
"1595",8693,0
"1596",8694,0
"1597",8695,0
"1598",8696,0
"1599",8697,0
"1600",8699,0
"1601",8700,0
"1602",8701,0
"1603",8702,0
"1604",8703,0
"1605",8704,0
"1606",8705,0
"1607",8706,0
"1608",8707,0
"1609",8708,0
"1610",8709,0
"1611",8710,0
"1612",8711,0
"1613",8712,0
"1614",8713,0
"1615",8714,0
"1616",8715,0
"1617",8716,0
"1618",8717,0
"1619",8718,0
"1620",8719,0
"1621",8720,0
"1622",8721,0
"1623",8722,0
"1624",8723,0
"1625",8724,0
"1626",8725,0
"1627",8726,0
"1628",8728,0
"1629",8729,0
"1630",8730,0
"1631",8731,0
"1632",8732,0
"1633",8733,0
"1634",8734,0
"1635",8735,0
"1636",8736,0
"1637",8737,0
"1638",8738,0
"1639",8739,0
"1640",8740,0
"1641",8741,0
"1642",8742,0
"1643",8743,0
"1644",8744,0
"1645",8745,0
"1646",8746,0
"1647",8747,0
"1648",8748,0
"1649",8749,0
"1650",8750,0
"1651",8751,0
"1652",8752,0
"1653",8753,0
"1654",8754,0
"1655",8755,0
"1656",8756,0
"1657",8757,0
"1658",8758,0
"1659",8759,0
"1660",8760,0
"1661",8761,0
"1662",8762,0
"1663",8763,0
"1664",8764,0
"1665",8765,0
"1666",8766,0
"1667",8767,0
"1668",8768,0
"1669",8769,0
"1670",8770,0
"1671",8771,0
"1672",8772,0
"1673",8773,0
"1674",8774,0
"1675",8775,0
"1676",8776,0
"1677",8777,0
"1678",8778,0
"1679",8779,0
"1680",8780,0
"1681",8781,0
"1682",8782,0
"1683",8783,0
"1684",8784,0
"1685",8785,0
"1686",8786,0
"1687",8787,0
"1688",8788,0
"1689",8789,0
"1690",8790,0
"1691",8791,0
"1692",8792,0
"1693",8793,0
"1694",8794,0
"1695",8795,0
"1696",8796,0
"1697",8797,0
"1698",8799,0
"1699",8800,0
"1700",8801,0
"1701",8802,0
"1702",8803,0
"1703",8804,0
"1704",8805,0
"1705",8806,0
"1706",8807,0
"1707",8808,0
"1708",8809,0
"1709",8810,0
"1710",8811,0
"1711",8812,0
"1712",8813,0
"1713",8814,0
"1714",8815,0
"1715",8816,0
"1716",8817,0
"1717",8818,0
"1718",8819,0
"1719",8820,0
"1720",8821,0
"1721",8822,0
"1722",8823,0
"1723",8824,0
"1724",8825,0
"1725",8826,0
"1726",8827,0
"1727",8828,0
"1728",8829,0
"1729",8830,0
"1730",8831,0
"1731",8832,0
"1732",8833,0
"1733",8834,0
"1734",8836,0
"1735",8837,0
"1736",8838,0
"1737",8839,0
"1738",8840,0
"1739",8841,0
"1740",8842,0
"1741",8843,0
"1742",8844,0
"1743",8845,0
"1744",8846,0
"1745",8847,0
"1746",8848,0
"1747",8849,0
"1748",8850,0
"1749",8851,0
"1750",8852,0
"1751",8854,0
"1752",8855,0
"1753",8856,0
"1754",8857,0
"1755",8859,0
"1756",8860,0
"1757",8861,0
"1758",8862,0
"1759",11235,2
"1760",11236,2
"1761",11237,2
"1762",11238,2
"1763",11239,2
"1764",11240,2
"1765",11241,2
"1766",11242,2
"1767",11243,2
"1768",11244,2
"1769",11245,2
"1770",11246,2
"1771",11247,2
"1772",11248,2
"1773",11249,2
"1774",11250,2
"1775",11251,2
"1776",11252,2
"1777",11253,2
"1778",11254,2
"1779",11255,2
"1780",11256,2
"1781",11257,2
"1782",11258,2
"1783",11259,2
"1784",11260,2
"1785",11261,2
"1786",11262,2
"1787",11263,2
"1788",11264,2
"1789",11265,2
"1790",11266,2
"1791",11267,2
"1792",11268,2
"1793",11269,2
"1794",11270,2
"1795",11271,2
"1796",11272,2
"1797",11273,2
"1798",11274,2
"1799",11275,2
"1800",11276,2
"1801",11277,2
"1802",11278,2
"1803",11279,2
"1804",11280,2
"1805",11281,2
"1806",11282,2
"1807",11283,2
"1808",11284,2
"1809",11285,2
"1810",11286,2
"1811",11287,2
"1812",11288,2
"1813",11289,2
"1814",11290,2
"1815",11291,2
"1816",11292,2
"1817",11293,2
"1818",11294,2
"1819",11295,2
"1820",11296,2
"1821",11297,2
"1822",11298,2
"1823",11299,2
"1824",11300,2
"1825",11301,2
"1826",11302,2
"1827",11303,2
"1828",11304,2
"1829",11305,2
"1830",11306,2
"1831",11307,2
"1832",11308,2
"1833",11309,2
"1834",11310,2
"1835",11311,2
"1836",11312,2
"1837",11313,2
"1838",11314,2
"1839",11315,2
"1840",11316,2
"1841",11317,2
"1842",11318,2
"1843",11319,2
"1844",11320,2
"1845",11321,2
"1846",11322,2
"1847",11323,2
"1848",11324,2
"1849",11325,2
"1850",11326,2
"1851",11327,2
"1852",11329,2
"1853",11330,2
"1854",11331,2
"1855",11332,2
"1856",11333,2
"1857",11334,2
"1858",11335,2
"1859",11336,2
"1860",11337,2
"1861",11338,2
"1862",11339,2
"1863",11340,2
"1864",11341,2
"1865",11342,2
"1866",11343,2
"1867",11344,2
"1868",11345,2
"1869",11346,2
"1870",11347,2
"1871",11348,2
"1872",11349,2
"1873",11350,2
"1874",11351,2
"1875",11352,2
"1876",11353,2
"1877",11354,2
"1878",11355,2
"1879",11356,2
"1880",11357,2
"1881",11358,2
"1882",11359,2
"1883",11360,2
"1884",11361,2
"1885",11362,2
"1886",11363,2
"1887",11364,2
"1888",11365,2
"1889",11366,2
"1890",11367,2
"1891",11368,2
"1892",11369,2
"1893",11370,2
"1894",11371,2
"1895",11372,2
"1896",11373,2
"1897",11374,2
"1898",11375,2
"1899",11376,2
"1900",11377,2
"1901",11378,2
"1902",11379,2
"1903",11380,2
"1904",11381,2
"1905",11382,2
"1906",11383,2
"1907",11384,2
"1908",11385,2
"1909",11386,2
"1910",11387,2
"1911",11388,2
"1912",11389,2
"1913",11390,2
"1914",11391,2
"1915",11392,2
"1916",11393,2
"1917",11394,2
"1918",11395,2
"1919",11396,2
"1920",11397,2
"1921",11398,2
"1922",11399,2
"1923",11400,2
"1924",11401,2
"1925",11402,2
"1926",11403,2
"1927",11404,2
"1928",11405,2
"1929",11406,2
"1930",11407,2
"1931",11408,2
"1932",11409,2
"1933",11410,2
"1934",11411,2
"1935",11412,2
"1936",11413,2
"1937",11414,2
"1938",11415,2
"1939",11416,2
"1940",11417,2
"1941",11418,2
"1942",11419,2
"1943",11420,2
"1944",11422,2
"1945",11423,2
"1946",11424,2
"1947",11425,2
"1948",11426,2
"1949",11427,2
"1950",11428,2
"1951",11429,2
"1952",11430,2
"1953",11431,2
"1954",11432,2
"1955",11433,2
"1956",11434,2
"1957",11435,2
"1958",11436,2
"1959",11437,2
"1960",11438,2
"1961",11439,2
"1962",11440,2
"1963",11441,2
"1964",11442,2
"1965",11443,2
"1966",11444,2
"1967",11445,2
"1968",11446,2
"1969",11447,2
"1970",11448,2
"1971",11449,2
"1972",11450,2
"1973",11451,2
"1974",11452,2
"1975",11453,2
"1976",11454,2
"1977",11455,2
"1978",11456,2
"1979",11457,2
"1980",11458,2
"1981",11459,2
"1982",11460,2
"1983",11461,2
"1984",11462,2
"1985",11463,2
"1986",11464,2
"1987",11465,2
"1988",11466,2
"1989",11467,2
"1990",11468,2
"1991",11469,2
"1992",11470,2
"1993",11471,2
"1994",11472,2
"1995",11473,2
"1996",11474,2
"1997",11475,2
"1998",11476,2
"1999",11477,2
"2000",11478,2
"2001",11479,2
"2002",11480,2
"2003",11481,2
"2004",11482,2
"2005",11483,2
"2006",11484,2
"2007",11485,2
"2008",11486,2
"2009",11487,2
"2010",11488,2
"2011",11489,2
"2012",11490,2
"2013",11491,2
"2014",11492,2
"2015",11493,2
"2016",11494,2
"2017",11495,2
"2018",11496,2
"2019",11497,2
"2020",11498,2
"2021",11499,2
"2022",11500,2
"2023",11501,2
"2024",11502,2
"2025",11503,2
"2026",11504,2
"2027",11505,2
"2028",11506,2
"2029",11507,2
"2030",11508,2
"2031",11509,2
"2032",11510,2
"2033",11511,2
"2034",11512,2
"2035",11513,2
"2036",11514,2
"2037",11515,2
"2038",11516,2
"2039",11517,2
"2040",11518,2
"2041",11519,2
"2042",11520,2
"2043",11521,2
"2044",11522,2
"2045",11523,2
"2046",11524,2
"2047",11525,2
"2048",11526,2
"2049",11527,2
"2050",11528,2
"2051",11529,2
"2052",11530,2
"2053",11531,2
"2054",11532,2
"2055",11533,2
"2056",11534,2
"2057",11535,2
"2058",11536,2
"2059",11537,2
"2060",11538,2
"2061",11539,2
"2062",11540,2
"2063",11541,2
"2064",11542,2
"2065",11543,2
"2066",11544,2
"2067",11545,2
"2068",11546,2
"2069",11547,2
"2070",11548,2
"2071",11549,2
"2072",11550,2
"2073",11551,2
"2074",11552,2
"2075",11553,2
"2076",11554,2
"2077",11555,2
"2078",11556,2
"2079",11557,2
"2080",11558,2
"2081",11559,2
"2082",11560,2
"2083",11561,2
"2084",11562,2
"2085",11563,2
"2086",11564,2
"2087",11565,2
"2088",11566,2
"2089",11567,2
"2090",11568,2
"2091",11569,2
"2092",11570,2
"2093",11571,2
"2094",11572,2
"2095",11573,2
"2096",11574,2
"2097",11575,2
"2098",11576,2
"2099",11577,2
"2100",11578,2
"2101",11579,2
"2102",11580,2
"2103",11581,2
"2104",11582,2
"2105",11583,2
"2106",11584,2
"2107",11585,2
"2108",11586,2
"2109",11587,2
"2110",11588,2
"2111",11589,2
"2112",11590,2
"2113",11591,2
"2114",11592,2
"2115",11593,2
"2116",11594,2
"2117",11595,2
"2118",11596,2
"2119",11597,2
"2120",11598,2
"2121",11599,2
"2122",11600,2
"2123",11601,2
"2124",11602,2
"2125",11603,2
"2126",11604,2
"2127",11605,2
"2128",11606,2
"2129",11607,2
"2130",11608,2
"2131",11609,2
"2132",11610,2
"2133",11611,2
"2134",11612,2
"2135",11613,2
"2136",11614,2
"2137",11615,2
"2138",11616,2
"2139",11617,2
"2140",11618,2
"2141",11619,2
"2142",11620,2
"2143",11621,2
"2144",11622,2
"2145",11623,2
"2146",11624,2
"2147",11625,2
"2148",11626,2
"2149",11627,2
"2150",11628,2
"2151",11629,2
"2152",11630,2
"2153",11631,2
"2154",11632,2
"2155",11633,2
"2156",11634,2
"2157",11635,2
"2158",11636,2
"2159",11637,2
"2160",11638,2
"2161",11639,2
"2162",11640,2
"2163",11641,2
"2164",11642,2
"2165",11643,2
"2166",11644,2
"2167",11645,2
"2168",11646,2
"2169",11647,2
"2170",11648,2
"2171",11649,2
"2172",11650,2
"2173",11651,2
"2174",11652,2
"2175",11653,2
"2176",11654,2
"2177",11655,2
"2178",11656,2
"2179",11657,2
"2180",11658,2
"2181",11659,2
"2182",11660,2
"2183",11661,2
"2184",11662,2
"2185",11663,2
"2186",11664,2
"2187",11665,2
"2188",11666,2
"2189",11667,2
"2190",11668,2
"2191",11669,2
"2192",11670,2
"2193",11671,2
"2194",11672,2
"2195",11673,2
"2196",11674,2
"2197",11675,2
"2198",11676,2
"2199",11677,2
"2200",11678,2
"2201",11679,2
"2202",11680,2
"2203",11681,2
"2204",11682,2
"2205",11683,2
"2206",11684,2
"2207",11685,2
"2208",11686,2
"2209",11687,2
"2210",11688,2
"2211",11689,2
"2212",11690,2
"2213",11691,2
"2214",11692,2
"2215",11693,2
"2216",11694,2
"2217",11695,2
"2218",11696,2
"2219",11697,2
"2220",11698,2
"2221",11699,2
"2222",11700,2
"2223",11701,2
"2224",11702,2
"2225",11703,2
"2226",11704,2
"2227",11705,2
"2228",11706,2
"2229",11707,2
"2230",11708,2
"2231",11709,2
"2232",11710,2
"2233",11711,2
"2234",11712,2
"2235",11713,2
"2236",11714,2
"2237",11715,2
"2238",11716,2
"2239",11717,2
"2240",11718,2
"2241",11719,2
"2242",11720,2
"2243",11721,2
"2244",11722,2
"2245",11723,2
"2246",11724,2
"2247",11725,2
"2248",11726,2
"2249",11727,2
"2250",11728,2
"2251",11729,2
"2252",11730,2
"2253",11731,2
"2254",11732,2
"2255",11733,2
"2256",11734,2
"2257",11735,2
"2258",11736,2
"2259",11737,2
"2260",11738,2
"2261",11739,2
"2262",11740,2
"2263",11741,2
"2264",11742,2
"2265",11743,2
"2266",11744,2
"2267",11745,2
"2268",11746,2
"2269",11747,2
"2270",11748,2
"2271",11749,2
"2272",11750,2
"2273",11751,2
"2274",11752,2
"2275",11753,2
"2276",11754,2
"2277",11755,2
"2278",11756,2
"2279",11757,2
"2280",11758,2
"2281",11759,2
"2282",11760,2
"2283",11761,2
"2284",11762,2
"2285",11763,2
"2286",11764,2
"2287",11765,2
"2288",11766,2
"2289",11767,2
"2290",11768,2
"2291",11769,2
"2292",11770,2
"2293",11771,2
"2294",11772,2
"2295",11773,2
"2296",11774,2
"2297",11775,2
"2298",11776,2
"2299",11777,2
"2300",11778,2
"2301",11779,2
"2302",11780,2
"2303",11781,2
"2304",11782,2
"2305",11783,2
"2306",11784,2
"2307",11785,2
"2308",11786,2
"2309",11787,2
"2310",11788,2
"2311",11789,3
"2312",11790,2
"2313",11791,2
"2314",11792,2
"2315",11793,2
"2316",11794,2
"2317",11795,2
"2318",11796,1
"2319",11797,3
"2320",11798,2
"2321",11799,2
"2322",11800,3
"2323",11801,2
"2324",11802,3
"2325",11803,3
"2326",11804,1
"2327",11805,3
"2328",11806,2
"2329",11807,2
"2330",11808,3
"2331",11809,3
"2332",11810,1
"2333",11811,1
"2334",11812,2
"2335",11813,2
"2336",11814,2
"2337",11815,1
"2338",11816,2
"2339",11817,2
"2340",11818,2
"2341",11819,1
"2342",11820,3
"2343",11821,1
"2344",11822,1
"2345",11823,2
"2346",11824,1
"2347",11825,3
"2348",11826,3
"2349",14233,2
"2350",14234,3
"2351",14235,3
"2352",14236,3
"2353",14237,3
"2354",14238,3
"2355",14239,3
"2356",14240,3
"2357",14241,3
"2358",14242,3
"2359",14243,3
"2360",14244,3
"2361",14245,3
"2362",14246,3
"2363",14247,3
"2364",14248,3
"2365",14249,3
"2366",14250,3
"2367",14251,3
"2368",14252,3
"2369",14253,3
"2370",14254,3
"2371",14255,3
"2372",14256,3
"2373",14257,3
"2374",14258,3
"2375",14259,3
"2376",14260,3
"2377",14261,3
"2378",14262,3
"2379",14263,3
"2380",14264,3
"2381",14265,3
"2382",14266,3
"2383",14267,3
"2384",14268,3
"2385",14269,3
"2386",14270,3
"2387",14271,3
"2388",14272,3
"2389",14273,3
"2390",14274,3
"2391",14275,3
"2392",14276,3
"2393",14277,3
"2394",14278,3
"2395",14279,3
"2396",14280,3
"2397",14281,3
"2398",14282,3
"2399",14283,3
"2400",14284,3
"2401",14285,3
"2402",14286,3
"2403",14287,3
"2404",14288,3
"2405",14289,3
"2406",14290,3
"2407",14291,3
"2408",14292,3
"2409",14293,3
"2410",14294,3
"2411",14295,3
"2412",14296,3
"2413",14297,3
"2414",14298,3
"2415",14299,3
"2416",14300,3
"2417",14301,3
"2418",14302,3
"2419",14303,3
"2420",14304,3
"2421",14305,3
"2422",14306,3
"2423",14307,3
"2424",14308,3
"2425",14309,3
"2426",14310,3
"2427",14311,3
"2428",14312,3
"2429",14313,3
"2430",14314,3
"2431",14315,3
"2432",14316,3
"2433",14317,3
"2434",14318,3
"2435",14319,3
"2436",14320,3
"2437",14321,3
"2438",14322,3
"2439",14323,3
"2440",14324,3
"2441",14325,3
"2442",14326,3
"2443",14327,3
"2444",14328,3
"2445",14329,3
"2446",14330,3
"2447",14331,3
"2448",14332,3
"2449",14333,3
"2450",14334,3
"2451",14335,3
"2452",14336,3
"2453",14337,3
"2454",14338,3
"2455",14339,3
"2456",14340,3
"2457",14341,3
"2458",14342,3
"2459",14343,3
"2460",14344,3
"2461",14345,3
"2462",14346,3
"2463",14347,3
"2464",14348,3
"2465",14349,3
"2466",14350,3
"2467",14351,3
"2468",14352,3
"2469",14353,3
"2470",14354,3
"2471",14355,3
"2472",14356,3
"2473",14357,3
"2474",14358,3
"2475",14359,3
"2476",14360,3
"2477",14361,3
"2478",14362,3
"2479",14363,3
"2480",14364,3
"2481",14365,3
"2482",14366,3
"2483",14367,3
"2484",14368,3
"2485",14369,3
"2486",14370,3
"2487",14371,3
"2488",14372,3
"2489",14373,3
"2490",14374,3
"2491",14375,3
"2492",14376,3
"2493",14377,3
"2494",14378,3
"2495",14379,3
"2496",14380,3
"2497",14381,3
"2498",14382,3
"2499",14383,3
"2500",14384,3
"2501",14385,3
"2502",14386,3
"2503",14387,3
"2504",14388,3
"2505",14389,3
"2506",14390,3
"2507",14391,3
"2508",14392,3
"2509",14393,3
"2510",14394,3
"2511",14395,3
"2512",14396,3
"2513",14397,3
"2514",14398,3
"2515",14399,3
"2516",14400,3
"2517",14401,3
"2518",14402,3
"2519",14403,3
"2520",14404,3
"2521",14405,3
"2522",14406,3
"2523",14407,3
"2524",14408,3
"2525",14409,3
"2526",14410,3
"2527",14411,3
"2528",14412,3
"2529",14413,3
"2530",14414,3
"2531",14415,3
"2532",14416,3
"2533",14417,3
"2534",14418,3
"2535",14419,3
"2536",14420,3
"2537",14421,3
"2538",14422,3
"2539",14423,3
"2540",14424,3
"2541",14425,3
"2542",14426,3
"2543",14427,3
"2544",14428,3
"2545",14429,3
"2546",14430,3
"2547",14431,3
"2548",14432,3
"2549",14433,3
"2550",14434,3
"2551",14435,3
"2552",14436,3
"2553",14437,3
"2554",14438,3
"2555",14439,3
"2556",14440,3
"2557",14441,3
"2558",14442,3
"2559",14443,3
"2560",14444,3
"2561",14445,3
"2562",14446,3
"2563",14447,3
"2564",14448,3
"2565",14449,3
"2566",14450,3
"2567",14451,3
"2568",14452,3
"2569",14453,3
"2570",14454,3
"2571",14455,3
"2572",14456,3
"2573",14457,3
"2574",14458,3
"2575",14459,3
"2576",14460,3
"2577",14461,3
"2578",14462,3
"2579",14463,3
"2580",14464,3
"2581",14465,3
"2582",14466,3
"2583",14467,3
"2584",14468,3
"2585",14469,3
"2586",14470,3
"2587",14471,3
"2588",14472,3
"2589",14473,3
"2590",14474,3
"2591",14475,3
"2592",14476,3
"2593",14477,3
"2594",14478,3
"2595",14479,3
"2596",14480,3
"2597",14481,3
"2598",14482,3
"2599",14483,3
"2600",14484,3
"2601",14485,3
"2602",14486,3
"2603",14487,3
"2604",14488,3
"2605",14489,3
"2606",14490,3
"2607",14491,3
"2608",14492,3
"2609",14493,3
"2610",14494,3
"2611",14495,3
"2612",14496,3
"2613",14497,3
"2614",14498,3
"2615",14499,3
"2616",14500,3
"2617",14501,3
"2618",14502,3
"2619",14503,3
"2620",14504,3
"2621",14505,3
"2622",14506,3
"2623",14507,3
"2624",14508,3
"2625",14509,3
"2626",14510,3
"2627",14511,3
"2628",14512,3
"2629",14513,3
"2630",14514,3
"2631",14515,3
"2632",14516,3
"2633",14517,3
"2634",14518,3
"2635",14519,3
"2636",14520,3
"2637",14521,3
"2638",14522,3
"2639",14523,3
"2640",14524,3
"2641",14525,3
"2642",14526,3
"2643",14527,3
"2644",14528,3
"2645",14529,3
"2646",14530,3
"2647",14531,3
"2648",14532,3
"2649",14533,3
"2650",14534,3
"2651",14535,3
"2652",14536,3
"2653",14537,3
"2654",14538,3
"2655",14539,3
"2656",14540,3
"2657",14541,3
"2658",14542,3
"2659",14543,3
"2660",14544,3
"2661",14545,3
"2662",14546,3
"2663",14547,3
"2664",14548,3
"2665",14549,3
"2666",14550,3
"2667",14551,3
"2668",14552,3
"2669",14553,3
"2670",14554,3
"2671",14555,3
"2672",14556,3
"2673",14557,3
"2674",14558,3
"2675",14559,3
"2676",14560,3
"2677",14561,3
"2678",14562,3
"2679",14563,3
"2680",14564,3
"2681",14565,3
"2682",14566,3
"2683",14567,3
"2684",14568,3
"2685",14569,3
"2686",14570,3
"2687",14571,3
"2688",14572,3
"2689",14573,3
"2690",14574,3
"2691",14575,3
"2692",14576,3
"2693",14577,3
"2694",14578,3
"2695",14579,3
"2696",14580,3
"2697",14581,3
"2698",14582,3
"2699",14583,3
"2700",14584,3
"2701",14585,3
"2702",14586,3
"2703",14587,3
"2704",14588,3
"2705",14589,3
"2706",14590,3
"2707",14591,3
"2708",14592,3
"2709",14593,3
"2710",14594,3
"2711",14595,3
"2712",14596,3
"2713",14597,3
"2714",14598,3
"2715",14599,3
"2716",14600,3
"2717",14601,3
"2718",14602,3
"2719",14603,3
"2720",14604,3
"2721",14605,3
"2722",14606,3
"2723",14607,3
"2724",14608,3
"2725",14609,3
"2726",14610,3
"2727",14611,3
"2728",14612,3
"2729",14613,3
"2730",14614,3
"2731",14615,3
"2732",14616,3
"2733",14617,3
"2734",14618,3
"2735",14619,3
"2736",14620,3
"2737",14621,3
"2738",14622,3
"2739",14623,3
"2740",14624,3
"2741",14625,3
"2742",14626,3
"2743",14627,3
"2744",14628,3
"2745",14629,3
"2746",14630,3
"2747",14631,3
"2748",14632,3
"2749",14633,3
"2750",14634,3
"2751",14635,3
"2752",14636,3
"2753",14637,3
"2754",14638,3
"2755",14639,3
"2756",14641,3
"2757",14642,3
"2758",14643,3
"2759",14644,3
"2760",14645,3
"2761",14646,3
"2762",14647,3
"2763",14648,3
"2764",14649,3
"2765",14650,3
"2766",14651,3
"2767",14652,3
"2768",14653,3
"2769",14654,3
"2770",14655,3
"2771",14656,3
"2772",14657,3
"2773",14658,3
"2774",14659,3
"2775",14660,3
"2776",14661,3
"2777",14662,3
"2778",14663,3
"2779",14664,3
"2780",14665,3
"2781",14666,3
"2782",14667,3
"2783",14668,3
"2784",14669,3
"2785",14670,3
"2786",14671,3
"2787",14672,3
"2788",14673,3
"2789",14674,3
"2790",14675,3
"2791",14676,3
"2792",14677,3
"2793",14678,3
"2794",14679,3
"2795",14680,3
"2796",14681,3
"2797",14682,3
"2798",14683,3
"2799",14684,3
"2800",14685,3
"2801",14686,3
"2802",14687,3
"2803",14688,3
"2804",14689,3
"2805",14690,3
"2806",14691,3
"2807",14692,3
"2808",14693,3
"2809",14694,3
"2810",14695,3
"2811",14696,3
"2812",14697,3
"2813",14698,3
"2814",14699,3
"2815",14700,3
"2816",14701,3
"2817",14702,3
"2818",14703,3
"2819",14704,3
"2820",14705,3
"2821",14706,3
"2822",14707,3
"2823",14708,3
"2824",14709,3
"2825",14710,3
"2826",14711,3
"2827",14712,3
"2828",14713,3
"2829",14714,3
"2830",14715,3
"2831",14716,3
"2832",14717,3
"2833",14718,3
"2834",14719,3
"2835",14720,3
"2836",14721,3
"2837",14722,3
"2838",14723,3
"2839",14724,3
"2840",14725,3
"2841",14726,3
"2842",14727,3
"2843",14728,3
"2844",14729,3
"2845",14730,3
"2846",14731,3
"2847",14732,3
"2848",14733,3
"2849",14734,3
"2850",14735,3
"2851",14736,3
"2852",14737,3
"2853",14738,3
"2854",14739,3
"2855",14740,3
"2856",14741,3
"2857",14742,3
"2858",14743,3
"2859",14744,3
"2860",14745,3
"2861",14746,3
"2862",14747,3
"2863",14748,3
"2864",14749,3
"2865",14750,3
"2866",14751,3
"2867",14752,3
"2868",14753,3
"2869",14754,3
"2870",14755,3
"2871",14756,3
"2872",14757,3
"2873",14758,3
"2874",14759,3
"2875",14760,3
"2876",14761,3
"2877",14762,3
"2878",14763,3
"2879",14764,3
"2880",14765,3
"2881",14766,3
"2882",14767,3
"2883",14768,3
"2884",14769,3
"2885",14770,3
"2886",14771,1
"2887",14772,3
"2888",14773,3
"2889",14774,3
"2890",14775,3
"2891",14776,3
"2892",14777,3
"2893",14778,3
"2894",14779,3
"2895",14780,3
"2896",14781,2
"2897",14782,3
"2898",14783,1
"2899",14784,3
"2900",14785,3
"2901",14786,3
"2902",14787,1
"2903",14788,3
"2904",14789,3
"2905",14790,3
"2906",14791,2
"2907",14792,3
"2908",14793,3
"2909",14794,3
"2910",14795,1
"2911",14796,3
"2912",14797,3
"2913",14798,2
"2914",14799,1
"2915",14800,1
"2916",14801,3
"2917",14802,3
"2918",14803,1
"2919",14804,2
"2920",14805,1
"2921",14806,2
"2922",14807,2
"2923",14808,2
"2924",14809,2
"2925",14810,1
"2926",14811,2
"2927",14812,2
"2928",14813,2
"2929",14814,3
"2930",14815,3
"2931",14816,2
"2932",14817,2
"2933",14818,2
"2934",14819,3
"2935",14820,3
"2936",14821,2
"2937",14822,1
"2938",14823,3
"2939",14824,2
"2940",14825,1
"2941",14826,2
"2942",14827,2
"2943",14828,3
"2944",14829,3
"2945",14830,1
"2946",14831,1
"2947",14832,2
"2948",14833,1
